genus_txid	genus_name	upper_txid	upper_name
1118494	Dactyliosolen	33836	Coscinodiscophyceae
1398095	Tenuicylindrus	33836	Coscinodiscophyceae
1577724	Conticribra	33836	Coscinodiscophyceae
163515	Leptocylindrus	33836	Coscinodiscophyceae
216776	Proboscia	33836	Coscinodiscophyceae
216789	Actinoptychus	33836	Coscinodiscophyceae
216800	Guinardia	33836	Coscinodiscophyceae
265539	Minidiscus	33836	Coscinodiscophyceae
265578	Attheya	33836	Coscinodiscophyceae
2802208	Mediolabrus	33836	Coscinodiscophyceae
2842	Skeletonema	33836	Coscinodiscophyceae
29203	Cyclotella	33836	Coscinodiscophyceae
3004	Rhizosolenia	33836	Coscinodiscophyceae
3006	Stephanopyxis	33836	Coscinodiscophyceae
33641	Coscinodiscus	33836	Coscinodiscophyceae
3437330	Sundstroemia	33836	Coscinodiscophyceae
35124	Melosira	33836	Coscinodiscophyceae
35127	Thalassiosira	33836	Coscinodiscophyceae
49230	Actinocyclus	33836	Coscinodiscophyceae
49237	Chaetoceros	33836	Coscinodiscophyceae
49242	Corethron	33836	Coscinodiscophyceae
186035	Fragilariopsis	33849	Bacillariophyceae
186042	Entomoneis	33849	Bacillariophyceae
1880599	Schizostauron	33849	Bacillariophyceae
197752	Pleurosigma	33849	Bacillariophyceae
197760	Gyrosigma	33849	Bacillariophyceae
2126264	Plagiotropis	33849	Bacillariophyceae
265580	Psammodictyon	33849	Bacillariophyceae
2852	Cylindrotheca	33849	Bacillariophyceae
2857	Nitzschia	33849	Bacillariophyceae
286098	Seminavis	33849	Bacillariophyceae
2862137	Amicula	33849	Bacillariophyceae
41953	Pseudo-nitzschia	33849	Bacillariophyceae
420972	Epithemia	33849	Bacillariophyceae
431323	Caloneis	33849	Bacillariophyceae
50949	Navicula	33849	Bacillariophyceae
67475	Haslea	33849	Bacillariophyceae
1706451	Neodelphineis	33853	Fragilariophyceae
210452	Grammatophora	33853	Fragilariophyceae
210597	Licmophora	33853	Fragilariophyceae
210617	Striatella	33853	Fragilariophyceae
33639	Asterionellopsis	33853	Fragilariophyceae
33644	Fragilaria	33853	Fragilariophyceae
33648	Thalassionema	33853	Fragilariophyceae
449168	Staurosirella	33853	Fragilariophyceae
1003030	Cerataulina	2836	Bacillariophyta
1234820	Plagiogrammopsis	2836	Bacillariophyta
1529381	Trieres	2836	Bacillariophyta
210588	Lampriscus	2836	Bacillariophyta
265542	Minutocellus	2836	Bacillariophyta
2838	Odontella	2836	Bacillariophyta
2974957	Ralfsiella	2836	Bacillariophyta
420263	Arcocellulus	2836	Bacillariophyta
420276	Biddulphia	2836	Bacillariophyta
426649	Hemiaulus	2836	Bacillariophyta
49248	Ditylum	2836	Bacillariophyta
49251	Eucampia	2836	Bacillariophyta
505991	Plagiogramma	2836	Bacillariophyta
515460	Eunotogramma	2836	Bacillariophyta
555755	Leyanella	2836	Bacillariophyta
568902	Psammoneis	2836	Bacillariophyta
59811	Lithodesmium	2836	Bacillariophyta
1715698	Vicicitus	39119	Dictyochophyceae
236786	Florenciella	39119	Dictyochophyceae
3095340	Octactis	39119	Dictyochophyceae
35681	Apedinella	39119	Dictyochophyceae
35683	Pseudopedinella	39119	Dictyochophyceae
35686	Dictyocha	39119	Dictyochophyceae
2567907	Hapterophycus	2696291	Ochrophyta
2828	Heterosigma	2696291	Ochrophyta
2892	Petalonia	2696291	Ochrophyta
3015	Sargassum	2696291	Ochrophyta
309736	Cladosiphon	2696291	Ochrophyta
35676	Pelagomonas	2696291	Ochrophyta
44055	Aureococcus	2696291	Ochrophyta
722752	Triparma	2696291	Ochrophyta
74380	Undaria	2696291	Ochrophyta
94616	Fibrocapsa	2696291	Ochrophyta
98059	Dinobryon	2696291	Ochrophyta
1132512	Euduboscquella	2864	Dinophyceae
1209074	Biecheleria	2864	Dinophyceae
133426	Protoceratium	2864	Dinophyceae
143671	Akashiwo	2864	Dinophyceae
1573494	Levanderina	2864	Dinophyceae
160618	Kryptoperidinium	2864	Dinophyceae
1917090	Spiniferites	2864	Dinophyceae
1973075	Impagidinium	2864	Dinophyceae
2126447	Tripos	2864	Dinophyceae
261839	Protoperidinium	2864	Dinophyceae
261841	Pyrophacus	2864	Dinophyceae
271691	Dissodinium	2864	Dinophyceae
2912	Gonyaulax	2864	Dinophyceae
2918	Heterocapsa	2864	Dinophyceae
2924	Alexandrium	2864	Dinophyceae
2944	Prorocentrum	2864	Dinophyceae
2949	Symbiodinium	2864	Dinophyceae
2960	Amphidinium	2864	Dinophyceae
2965	Noctiluca	2864	Dinophyceae
47933	Dinophysis	2864	Dinophyceae
54902	Scrippsiella	2864	Dinophyceae
60594	Gyrodinium	2864	Dinophyceae
651390	Warnowia	2864	Dinophyceae
652709	Erythropsidinium	2864	Dinophyceae
66470	Lepidodinium	2864	Dinophyceae
71000	Pfiesteria	2864	Dinophyceae
88551	Amoebophrya	2864	Dinophyceae
182086	Favella	5878	Ciliophora
457373	Askenasia	5878	Ciliophora
513280	Salpingella	5878	Ciliophora
60005	Strombidium	5878	Ciliophora
1273542	Esquamula	543769	Rhizaria
151025	Cryothecomonas	543769	Rhizaria
1736123	Abollifer	543769	Rhizaria
1920525	Trachyrhizium	543769	Rhizaria
238792	Aulacantha	543769	Rhizaria
2545269	Verrucomonas	543769	Rhizaria
29187	Elphidium	543769	Rhizaria
361425	Ebria	543769	Rhizaria
39716	Paulinella	543769	Rhizaria
492102	Paradinium	543769	Rhizaria
904390	Acanthostaurus	543769	Rhizaria
1090112	Haptolina	2608109	Haptista
2837473	Meringosphaera	2608109	Haptista
2902	Emiliania	2608109	Haptista
33656	Phaeocystis	2608109	Haptista
35140	Chrysochromulina	2608109	Haptista
35143	Prymnesium	2608109	Haptista
38816	Gephyrocapsa	2608109	Haptista
412163	Dicrateria	2608109	Haptista
13607	Mantoniella	3041	Chlorophyta
2302914	Chloropicon	3041	Chlorophyta
2302916	Chloroparvula	3041	Chlorophyta
249344	Picochlorum	3041	Chlorophyta
3052	Chlamydomonas	3041	Chlorophyta
3118	Ulva	3041	Chlorophyta
31311	Nephroselmis	3041	Chlorophyta
3132	Codium	3041	Chlorophyta
3164	Tetraselmis	3041	Chlorophyta
3189	Scherffelia	3041	Chlorophyta
36882	Pyramimonas	3041	Chlorophyta
38832	Micromonas	3041	Chlorophyta
41874	Bathycoccus	3041	Chlorophyta
41879	Pycnococcus	3041	Chlorophyta
41885	Pseudoscourfieldia	3041	Chlorophyta
51323	Oltmannsiellopsis	3041	Chlorophyta
70447	Ostreococcus	3041	Chlorophyta
173461	Pterothamnion	2763	Rhodophyta
189633	Dasysiphonia	2763	Rhodophyta
1917068	Melanothamnus	2763	Rhodophyta
2007273	Dasyclonium	2763	Rhodophyta
218444	Campylaephora	2763	Rhodophyta
2768	Chondrus	2763	Rhodophyta
2804	Polysiphonia	2763	Rhodophyta
2811	Gelidium	2763	Rhodophyta
31378	Callithamnion	2763	Rhodophyta
362234	Erythrolobus	2763	Rhodophyta
41998	Anotrichium	2763	Rhodophyta
470589	Palisada	2763	Rhodophyta
70837	Pterocladiella	2763	Rhodophyta
299205	Leucocryptos	3027	Cryptophyceae
77924	Hemiselmis	3027	Cryptophyceae
77930	Teleaulax	3027	Cryptophyceae
2603953	Lacrimia	33682	Euglenozoa
73024	Eutreptiella	33682	Euglenozoa
91373	Diplonema	33682	Euglenozoa
27922	Mnemiopsis	10197	Ctenophora
51106	Bolinopsis	10197	Ctenophora
13092	Hydractinia	6073	Cnidaria
168755	Muggiaea	6073	Cnidaria
168782	Porpita	6073	Cnidaria
32569	Obelia	6073	Cnidaria
669086	Podocorynoides	6073	Cnidaria
366392	Flaccisagitta	10229	Chaetognatha
366395	Parasagitta	10229	Chaetognatha
648571	Zonosagitta	10229	Chaetognatha
114066	Metridia	6830	Copepoda
119371	Pseudocalanus	6830	Copepoda
121140	Eucalanus	6830	Copepoda
121148	Acartia	6830	Copepoda
134923	Nannocalanus	6830	Copepoda
136182	Centropages	6830	Copepoda
136190	Oithona	6830	Copepoda
148995	Clausocalanus	6830	Copepoda
163236	Labidocera	6830	Copepoda
163465	Euterpina	6830	Copepoda
163471	Paracalanus	6830	Copepoda
163475	Pseudodiaptomus	6830	Copepoda
1642556	Longipedia	6830	Copepoda
1795194	Amonardia	6830	Copepoda
1795198	Asterocheres	6830	Copepoda
248475	Subeucalanus	6830	Copepoda
261851	Temora	6830	Copepoda
349674	Oncaea	6830	Copepoda
509926	Canuella	6830	Copepoda
512221	Diosaccus	6830	Copepoda
565003	Paracyclopina	6830	Copepoda
6831	Tigriopus	6830	Copepoda
6836	Calanus	6830	Copepoda
749175	Calocalanus	6830	Copepoda
749187	Parvocalanus	6830	Copepoda
88014	Eurytemora	6830	Copepoda
1562160	Perforatus	6676	Thoracica
37898	Chthamalus	6676	Thoracica
637416	Amphibalanus	6676	Thoracica
6677	Balanus	6676	Thoracica
124139	Penilia	6658	Branchiopoda
141399	Podon	6658	Branchiopoda
141402	Evadne	6658	Branchiopoda
117980	Lucifer	6657	Crustacea
117982	Palaemon	6657	Crustacea
163713	Cyprideis	6657	Crustacea
337809	Oratosquilla	6657	Crustacea
51649	Sacculina	6657	Crustacea
6818	Euphausia	6657	Crustacea
69354	Darwinula	6657	Crustacea
373281	Eurycyde	6656	Arthropoda
61471	Timema	6656	Arthropoda
102325	Nuculana	6544	Bivalvia
106298	Azumapecten	6544	Bivalvia
106321	Limaria	6544	Bivalvia
1069102	Lametila	6544	Bivalvia
120430	Hiatella	6544	Bivalvia
12965	Bathymodiolus	6544	Bivalvia
138983	Chamelea	6544	Bivalvia
1644148	Ylistrum	6544	Bivalvia
186463	Ruditapes	6544	Bivalvia
186466	Mizuhopecten	6544	Bivalvia
2171616	Magallana	6544	Bivalvia
263428	Teredo	6544	Bivalvia
311200	Saxidomus	6544	Bivalvia
33508	Saccostrea	6544	Bivalvia
40253	Brachidontes	6544	Bivalvia
462888	Leukoma	6544	Bivalvia
50425	Pinctada	6544	Bivalvia
6548	Mytilus	6544	Bivalvia
6595	Mercenaria	6544	Bivalvia
6603	Mya	6544	Bivalvia
128466	Babylonia	6447	Mollusca
1502603	Lucidestea	6447	Mollusca
158035	Pneumodermopsis	6447	Mollusca
1746159	Voorwindia	6447	Mollusca
31213	Littorina	6447	Mollusca
356496	Creseis	6447	Mollusca
52628	Crepidula	6447	Mollusca
707132	Alvania	6447	Mollusca
104740	Mediomastus	6340	Annelida
1535804	Paraprionospio	6340	Annelida
1582897	Lagis	6340	Annelida
216497	Hydroides	6340	Annelida
272744	Boccardiella	6340	Annelida
397551	Glycinde	6340	Annelida
46597	Magelona	6340	Annelida
46600	Polydora	6340	Annelida
484803	Dipolydora	6340	Annelida
51293	Capitella	6340	Annelida
6346	Owenia	6340	Annelida
6430	Urechis	6340	Annelida
73387	Amphitrite	6340	Annelida
94674	Prionospio	6340	Annelida
997029	Pseudopolydora	6340	Annelida
133433	Acanthaster	7586	Echinodermata
31174	Diadema	7586	Echinodermata
35076	Patiria	7586	Echinodermata
39183	Echinocardium	7586	Echinodermata
7601	Asterias	7586	Echinodermata
7652	Lytechinus	7586	Echinodermata
7664	Strongylocentrotus	7586	Echinodermata
2507559	Fritillaria	7712	Tunicata
30275	Ascidia	7712	Tunicata
30300	Botryllus	7712	Tunicata
34763	Oikopleura	7712	Tunicata
76840	Doliolum	7712	Tunicata
7718	Ciona	7712	Tunicata
7724	Styela	7712	Tunicata
129042	Cololabis	7898	Actinopterygii
42891	Engraulis	7898	Actinopterygii
475172	Neoarius	7898	Actinopterygii
10227	Trichoplax	33208	Metazoa
110555	Myxine	33208	Metazoa
1641630	Notocomplana	33208	Metazoa
166041	Cephalothrix	33208	Metazoa
188022	Acoelopelophila	33208	Metazoa
188043	Otocelis	33208	Metazoa
231595	Loxosomella	33208	Metazoa
320052	Chromadorina	33208	Metazoa
478207	Flustra	33208	Metazoa
52056	Microstomum	33208	Metazoa
536234	Convolutriloba	33208	Metazoa
6061	Halichondria	33208	Metazoa
6237	Caenorhabditis	33208	Metazoa
7763	Eptatretus	33208	Metazoa
88943	Tubulanus	33208	Metazoa
9605	Homo	33208	Metazoa
3368	Cryptomeria	35493	Streptophyta
4219	Artemisia	35493	Streptophyta
4418	Nymphaea	35493	Streptophyta
60092	Vinca	35493	Streptophyta
5073	Penicillium	4751	Fungi
5498	Cladosporium	4751	Fungi
5533	Rhodotorula	4751	Fungi
83249	Tyromyces	4751	Fungi
1328948	Incisomonas	2759	Eukaryota
2203426	Miracula	2759	Eukaryota
232264	Telonema	2759	Eukaryota
2494382	Sirolpidium	2759	Eukaryota
258835	Calliacantha	2759	Eukaryota
5806	Cryptosporidium	2759	Eukaryota
65356	Albugo	2759	Eukaryota
1007082	Nitrosarchaeum	2157	Archaea
1593364	Candidatus Nitrosopelagicus	2157	Archaea
1993653	Candidatus Nitrosomarinus	2157	Archaea
338191	Nitrosopumilus	2157	Archaea
1129	Synechococcus	1117	Cyanobacteriota
1205	Trichodesmium	1117	Cyanobacteriota
1218	Prochlorococcus	1117	Cyanobacteriota
1453359	Candidatus Atelocyanobacterium	1117	Cyanobacteriota
167375	Cyanobium	1117	Cyanobacteriota
2881427	Parasynechococcus	1117	Cyanobacteriota
373984	Rivularia	1117	Cyanobacteriota
1041	Erythrobacter	28211	Alphaproteobacteria
1111	Porphyrobacter	28211	Alphaproteobacteria
1167830	Litorimonas	28211	Alphaproteobacteria
119044	Filomicrobium	28211	Alphaproteobacteria
1234545	Parasphingopyxis	28211	Alphaproteobacteria
1284657	Planktomarina	28211	Alphaproteobacteria
1295327	Croceicoccus	28211	Alphaproteobacteria
13687	Sphingomonas	28211	Alphaproteobacteria
1395974	Tardiphaga	28211	Alphaproteobacteria
1433986	Actibacterium	28211	Alphaproteobacteria
1434014	Lentibacter	28211	Alphaproteobacteria
1434019	Mameliella	28211	Alphaproteobacteria
1434029	Pelagimonas	28211	Alphaproteobacteria
1443919	Tabrizicola	28211	Alphaproteobacteria
1484898	Methyloceanibacter	28211	Alphaproteobacteria
150203	Blastomonas	28211	Alphaproteobacteria
150830	Roseibium	28211	Alphaproteobacteria
153232	Oceanicaulis	28211	Alphaproteobacteria
1541822	Pseudophaeobacter	28211	Alphaproteobacteria
1612611	Pararhizobium	28211	Alphaproteobacteria
1617805	Amylibacter	28211	Alphaproteobacteria
1648497	Boseongicola	28211	Alphaproteobacteria
1649331	Fretibacter	28211	Alphaproteobacteria
1649463	Lentilitoribacter	28211	Alphaproteobacteria
1649483	Pseudopelagicola	28211	Alphaproteobacteria
1649486	Rhizorhabdus	28211	Alphaproteobacteria
165695	Sphingobium	28211	Alphaproteobacteria
165696	Novosphingobium	28211	Alphaproteobacteria
165697	Sphingopyxis	28211	Alphaproteobacteria
1658781	Aliiroseovarius	28211	Alphaproteobacteria
168934	Thalassospira	28211	Alphaproteobacteria
1697958	Aliisedimentitalea	28211	Alphaproteobacteria
171436	Tistrella	28211	Alphaproteobacteria
1742974	Pyruvatibacter	28211	Alphaproteobacteria
1759396	Marivivens	28211	Alphaproteobacteria
1775424	Nioella	28211	Alphaproteobacteria
182269	Aurantimonas	28211	Alphaproteobacteria
1844015	Pontivivens	28211	Alphaproteobacteria
1855413	Brevirhabdus	28211	Alphaproteobacteria
1855416	Qipengyuania	28211	Alphaproteobacteria
188905	Jannaschia	28211	Alphaproteobacteria
191028	Leisingera	28211	Alphaproteobacteria
198251	Candidatus Pelagibacter	28211	Alphaproteobacteria
2038635	Hyphococcus	28211	Alphaproteobacteria
2055850	Aquicoccus	28211	Alphaproteobacteria
208215	Parvularcula	28211	Alphaproteobacteria
2083206	Tritonibacter	28211	Alphaproteobacteria
2109360	Aestuariibius	28211	Alphaproteobacteria
2211635	Cognatishimia	28211	Alphaproteobacteria
2211641	Yoonia	28211	Alphaproteobacteria
2282523	Methylorubrum	28211	Alphaproteobacteria
238783	Pseudorhodobacter	28211	Alphaproteobacteria
2433	Roseobacter	28211	Alphaproteobacteria
2603325	Aliishimia	28211	Alphaproteobacteria
263377	Salipiger	28211	Alphaproteobacteria
265	Paracoccus	28211	Alphaproteobacteria
266808	Thalassobacter	28211	Alphaproteobacteria
2676755	Croceibacterium	28211	Alphaproteobacteria
2680018	Rhodophyticola	28211	Alphaproteobacteria
2709685	Parasphingorhabdus	28211	Alphaproteobacteria
2712688	Salaquimonas	28211	Alphaproteobacteria
2716172	Candidatus Bandiella	28211	Alphaproteobacteria
2723	Hirschia	28211	Alphaproteobacteria
274591	Hoeflea	28211	Alphaproteobacteria
2795377	Pelagovum	28211	Alphaproteobacteria
2818469	Fuscovulum	28211	Alphaproteobacteria
2820509	Aestuarium	28211	Alphaproteobacteria
282198	Nereida	28211	Alphaproteobacteria
2831925	Pukyongiella	28211	Alphaproteobacteria
2831955	Pikeienuella	28211	Alphaproteobacteria
285107	Thioclava	28211	Alphaproteobacteria
2854182	Falsihalocynthiibacter	28211	Alphaproteobacteria
2854186	Pseudosulfitobacter	28211	Alphaproteobacteria
2888759	Pacificispira	28211	Alphaproteobacteria
2937410	Gymnodinialimonas	28211	Alphaproteobacteria
2943291	Pseudemcibacter	28211	Alphaproteobacteria
299261	Tateyamaria	28211	Alphaproteobacteria
2996317	Candidatus Tisiphia	28211	Alphaproteobacteria
302485	Phaeobacter	28211	Alphaproteobacteria
309512	Dinoroseobacter	28211	Alphaproteobacteria
323620	Shinella	28211	Alphaproteobacteria
335927	Thalassovita	28211	Alphaproteobacteria
336277	Roseicyclus	28211	Alphaproteobacteria
3412738	Algirhabdus	28211	Alphaproteobacteria
3457287	Candidatus Ponderosibacter	28211	Alphaproteobacteria
3457288	Candidatus Levibacter	28211	Alphaproteobacteria
361177	Altererythrobacter	28211	Alphaproteobacteria
367771	Marinovum	28211	Alphaproteobacteria
374	Bradyrhizobium	28211	Alphaproteobacteria
407	Methylobacterium	28211	Alphaproteobacteria
41275	Brevundimonas	28211	Alphaproteobacteria
444432	Anderseniella	28211	Alphaproteobacteria
453849	Henriciella	28211	Alphaproteobacteria
478070	Labrenzia	28211	Alphaproteobacteria
481178	Seohaeicola	28211	Alphaproteobacteria
526215	Thalassobaculum	28211	Alphaproteobacteria
53945	Octadecabacter	28211	Alphaproteobacteria
573139	Shimia	28211	Alphaproteobacteria
58842	Sagittula	28211	Alphaproteobacteria
60136	Sulfitobacter	28211	Alphaproteobacteria
659428	Marivita	28211	Alphaproteobacteria
74030	Roseovarius	28211	Alphaproteobacteria
74317	Maricaulis	28211	Alphaproteobacteria
767891	Candidatus Puniceispirillum	28211	Alphaproteobacteria
85	Hyphomonas	28211	Alphaproteobacteria
875170	Celeribacter	28211	Alphaproteobacteria
93682	Roseivivax	28211	Alphaproteobacteria
97050	Ruegeria	28211	Alphaproteobacteria
1030	Thiothrix	1236	Gammaproteobacteria
1050833	Eionea	1236	Gammaproteobacteria
1084558	Oceanicoccus	1236	Gammaproteobacteria
1122283	Maricurvus	1236	Gammaproteobacteria
1123967	Porticoccus	1236	Gammaproteobacteria
1217416	Halioglobus	1236	Gammaproteobacteria
1227	Nitrosococcus	1236	Gammaproteobacteria
1341118	Luminiphilus	1236	Gammaproteobacteria
1502941	Pleionea	1236	Gammaproteobacteria
1518149	Thalassotalea	1236	Gammaproteobacteria
1524249	Pseudohongiella	1236	Gammaproteobacteria
1573826	Psychrobium	1236	Gammaproteobacteria
1621534	Paraglaciecola	1236	Gammaproteobacteria
1738655	Woeseia	1236	Gammaproteobacteria
1813600	Candidatus Tenderia	1236	Gammaproteobacteria
1858563	Alkalimarinus	1236	Gammaproteobacteria
188907	Oleispira	1236	Gammaproteobacteria
1913444	Candidatus Thiodiazotropha	1236	Gammaproteobacteria
2025617	Ketobacter	1236	Gammaproteobacteria
2038244	Agaribacterium	1236	Gammaproteobacteria
2056696	Cysteiniphilum	1236	Gammaproteobacteria
2066071	Bacterioplanoides	1236	Gammaproteobacteria
2108524	Halioxenophilus	1236	Gammaproteobacteria
22	Shewanella	1236	Gammaproteobacteria
2200736	Planctobacterium	1236	Gammaproteobacteria
222991	Alkanindiges	1236	Gammaproteobacteria
226	Alteromonas	1236	Gammaproteobacteria
230494	Reinekea	1236	Gammaproteobacteria
2425	Teredinibacter	1236	Gammaproteobacteria
246861	Grimontia	1236	Gammaproteobacteria
249523	Aestuariibacter	1236	Gammaproteobacteria
261825	Agarivorans	1236	Gammaproteobacteria
261963	Kangiella	1236	Gammaproteobacteria
262	Francisella	1236	Gammaproteobacteria
2678529	Kineobactrum	1236	Gammaproteobacteria
2686004	Candidatus Vondammii	1236	Gammaproteobacteria
2742	Marinobacter	1236	Gammaproteobacteria
2745	Halomonas	1236	Gammaproteobacteria
28228	Colwellia	1236	Gammaproteobacteria
28253	Marinomonas	1236	Gammaproteobacteria
2841677	Candidatus Pseudothioglobus	1236	Gammaproteobacteria
2847769	Aequoribacter	1236	Gammaproteobacteria
2848171	Cognaticolwellia	1236	Gammaproteobacteria
286	Pseudomonas	1236	Gammaproteobacteria
2893100	Sediminihaliea	1236	Gammaproteobacteria
2901164	Stutzerimonas	1236	Gammaproteobacteria
2901189	Halopseudomonas	1236	Gammaproteobacteria
2978116	Candidatus Azophilus	1236	Gammaproteobacteria
3018276	Aliamphritea	1236	Gammaproteobacteria
3023563	Candidatus Foliamicus	1236	Gammaproteobacteria
3033996	Candidatus Spongiihabitans	1236	Gammaproteobacteria
3040948	Candidatus Paraluminiphilus	1236	Gammaproteobacteria
3137766	Vreelandella	1236	Gammaproteobacteria
316625	Saccharophagus	1236	Gammaproteobacteria
34067	Cycloclasticus	1236	Gammaproteobacteria
3457297	Candidatus Njordibacter	1236	Gammaproteobacteria
3464216	Aurantivibrio	1236	Gammaproteobacteria
349742	Sedimenticola	1236	Gammaproteobacteria
393661	Congregibacter	1236	Gammaproteobacteria
40222	Methylophaga	1236	Gammaproteobacteria
40323	Stenotrophomonas	1236	Gammaproteobacteria
418700	Litorivicinus	1236	Gammaproteobacteria
437504	Granulosicoccus	1236	Gammaproteobacteria
459520	Neptuniibacter	1236	Gammaproteobacteria
469	Acinetobacter	1236	Gammaproteobacteria
48073	Microbulbifer	1236	Gammaproteobacteria
48075	Marinobacterium	1236	Gammaproteobacteria
497	Psychrobacter	1236	Gammaproteobacteria
511678	Aliivibrio	1236	Gammaproteobacteria
515417	Amphritea	1236	Gammaproteobacteria
53246	Pseudoalteromonas	1236	Gammaproteobacteria
58050	Moritella	1236	Gammaproteobacteria
599651	Bermanella	1236	Gammaproteobacteria
62100	Candidatus Endobugula	1236	Gammaproteobacteria
642	Aeromonas	1236	Gammaproteobacteria
655184	Candidatus Thioglobus	1236	Gammaproteobacteria
657	Photobacterium	1236	Gammaproteobacteria
662	Vibrio	1236	Gammaproteobacteria
67572	Psychromonas	1236	Gammaproteobacteria
75687	Neptunomonas	1236	Gammaproteobacteria
85079	Thiohalocapsa	1236	Gammaproteobacteria
863253	Marinicella	1236	Gammaproteobacteria
89404	Glaciecola	1236	Gammaproteobacteria
904708	Arenicella	1236	Gammaproteobacteria
907197	Psychrosphaera	1236	Gammaproteobacteria
933	Thiomicrospira	1236	Gammaproteobacteria
104264	Cellulophaga	976	Bacteroidota
104267	Tenacibaculum	976	Bacteroidota
111500	Allomuricauda	976	Bacteroidota
112040	Zobellia	976	Bacteroidota
1204360	Siansivirga	976	Bacteroidota
1209327	Flavivirga	976	Bacteroidota
1211036	Mangrovimonas	976	Bacteroidota
1236988	Geofilum	976	Bacteroidota
1386924	Aestuariibaculum	976	Bacteroidota
1518147	Wenyingzhuangia	976	Bacteroidota
153265	Aequorivita	976	Bacteroidota
1564515	Phaeodactylibacter	976	Bacteroidota
156993	Reichenbachiella	976	Bacteroidota
1618113	Saccharicrinis	976	Bacteroidota
1649460	Hwangdonia	976	Bacteroidota
1649495	Seonamhaeicola	976	Bacteroidota
1704230	Aureisphaera	976	Bacteroidota
178469	Arenibacter	976	Bacteroidota
1935184	Vaginella	976	Bacteroidota
1937972	Bernardetia	976	Bacteroidota
2045416	Oceanihabitans	976	Bacteroidota
2049301	Changchengzhania	976	Bacteroidota
2060722	Labilibaculum	976	Bacteroidota
216431	Croceibacter	976	Bacteroidota
221065	Kordia	976	Bacteroidota
225842	Formosa	976	Bacteroidota
237	Flavobacterium	976	Bacteroidota
246875	Algoriphagus	976	Bacteroidota
252306	Robiginitalea	976	Bacteroidota
252356	Maribacter	976	Bacteroidota
261827	Algibacter	976	Bacteroidota
2665910	Ulvibacterium	976	Bacteroidota
267986	Owenweeksia	976	Bacteroidota
2700084	Urechidicola	976	Bacteroidota
2715929	Aurantibacter	976	Bacteroidota
2822394	Patiriisocius	976	Bacteroidota
283735	Leeuwenhoekiella	976	Bacteroidota
28453	Sphingobacterium	976	Bacteroidota
286104	Winogradskyella	976	Bacteroidota
2861660	Pseudalgibacter	976	Bacteroidota
290174	Aquimarina	976	Bacteroidota
290180	Roseivirga	976	Bacteroidota
291183	Lacinutrix	976	Bacteroidota
2913017	Aggregatimonas	976	Bacteroidota
2918913	Pontimicrobium	976	Bacteroidota
292691	Christiangramia	976	Bacteroidota
2953860	Candidatus Arcticimaribacter	976	Bacteroidota
2975260	Parvicella	976	Bacteroidota
2987594	Rasiella	976	Bacteroidota
3024544	Paracrocinitomix	976	Bacteroidota
3085669	Paenimyroides	976	Bacteroidota
3129724	Xiashengella	976	Bacteroidota
3228946	Sanyastnella	976	Bacteroidota
326319	Dokdonia	976	Bacteroidota
332102	Fluviicola	976	Bacteroidota
336276	Olleya	976	Bacteroidota
3374594	Halosquirtibacter	976	Bacteroidota
3400333	Thalassobellus	976	Bacteroidota
3400365	Allotamlana	976	Bacteroidota
3400368	Pseudotamlana	976	Bacteroidota
343334	Costertonia	976	Bacteroidota
3457289	Candidatus Marifrigoribacter	976	Bacteroidota
358023	Lutibacter	976	Bacteroidota
363408	Nonlabens	976	Bacteroidota
365032	Aureispira	976	Bacteroidota
369400	Flaviramulus	976	Bacteroidota
379070	Gilvibacter	976	Bacteroidota
387658	Marixanthomonas	976	Bacteroidota
390846	Echinicola	976	Bacteroidota
393005	Tamlana	976	Bacteroidota
444051	Mesoflavibacter	976	Bacteroidota
444459	Flagellimonas	976	Bacteroidota
449810	Lutimonas	976	Bacteroidota
49277	Psychroserpens	976	Bacteroidota
527198	Mariniflexile	976	Bacteroidota
52959	Polaribacter	976	Bacteroidota
59740	Persicobacter	976	Bacteroidota
649461	Lacibacter	976	Bacteroidota
70994	Lewinella	976	Bacteroidota
866673	Marinifilum	976	Bacteroidota
909656	Phocaeicola	976	Bacteroidota
1101	Prosthecochloris	2	Bacteria
1114981	Piscinibacter	2	Bacteria
1234	Nitrospira	2	Bacteria
12916	Acidovorax	2	Bacteria
1389453	Candidatus Actinomarina	2	Bacteria
1400386	Bythopirellula	2	Bacteria
1434032	Pontimonas	2	Bacteria
146784	Bacteriovorax	2	Bacteria
149698	Massilia	2	Bacteria
1579505	Rubripirellula	2	Bacteria
1579506	Roseimaritima	2	Bacteria
1649264	Desulfoconvexum	2	Bacteria
1649453	Gimesia	2	Bacteria
1649490	Rubinisphaera	2	Bacteria
1716	Corynebacterium	2	Bacteria
1763	Mycobacterium	2	Bacteria
1827	Rhodococcus	2	Bacteria
1866885	Mycolicibacterium	2	Bacteria
1891669	Candidatus Neptunichlamydia	2	Bacteria
1912216	Cutibacterium	2	Bacteria
1936111	Fuerstiella	2	Bacteria
2005380	Mariniblastus	2	Bacteria
202746	Sulfurimonas	2	Bacteria
213485	Micavibrio	2	Bacteria
2289	Desulfobacter	2	Bacteria
2299	Desulfosarcina	2	Bacteria
2321111	Aliarcobacter	2	Bacteria
2332	Propionigenium	2	Bacteria
256846	Lentisphaera	2	Bacteria
265488	Rhodopirellula	2	Bacteria
265570	Sulfurovum	2	Bacteria
2714592	Crateriforma	2	Bacteria
2795426	Novipirellula	2	Bacteria
2795605	Aureliella	2	Bacteria
2795779	Rosistilla	2	Bacteria
2795780	Symmachiella	2	Bacteria
2795973	Stieleria	2	Bacteria
2808942	Fluviibacter	2	Bacteria
2814446	Roseiconus	2	Bacteria
28196	Arcobacter	2	Bacteria
2843200	Miltoncostaea	2	Bacteria
2886823	Desulfosediminicola	2	Bacteria
2886881	Oceaniferula	2	Bacteria
29580	Janthinobacterium	2	Bacteria
3049269	Candidatus Pelagisphaera	2	Bacteria
3050898	Sulfuricystis	2	Bacteria
3140596	Candidatus Leptofilum	2	Bacteria
316612	Methylibium	2	Bacteria
3405233	Engelhardtia	2	Bacteria
3405235	Saltatorellus	2	Bacteria
3405237	Rohdeia	2	Bacteria
361050	Rubritalea	2	Bacteria
37817	Desulfuromusa	2	Bacteria
442430	Coraliomargarita	2	Bacteria
455358	Balneola	2	Bacteria
456826	Candidatus Cloacimonas	2	Bacteria
518753	Luteolibacter	2	Bacteria
518755	Roseibacillus	2	Bacteria
529881	Aquiluna	2	Bacteria
535	Chromobacterium	2	Bacteria
574899	Haloferula	2	Bacteria
622681	Candidatus Planktophila	2	Bacteria
682522	Ilumatobacter	2	Bacteria
75654	Duganella	2	Bacteria
10487	Iridovirus	10239	Viruses
181084	Prasinovirus	10239	Viruses
1977632	Indivirus	10239	Viruses
2731927	Ashivirus	10239	Viruses
2731930	Ayaqvirus	10239	Viruses
2731933	Cheungvirus	10239	Viruses
2731940	Fussvirus	10239	Viruses
2731943	Igirivirus	10239	Viruses
2731947	Kajamvirus	10239	Viruses
2731952	Krakvirus	10239	Viruses
2731955	Lingvirus	10239	Viruses
2731959	Nohivirus	10239	Viruses
2731960	Oinezvirus	10239	Viruses
2731964	Pedosvirus	10239	Viruses
2731965	Pekhitvirus	10239	Viruses
2731966	Pelagivirus	10239	Viruses
2731971	Powvirus	10239	Viruses
2731976	Sieqvirus	10239	Viruses
2731978	Stopalavirus	10239	Viruses
2731979	Stopavirus	10239	Viruses
2731983	Tiamatvirus	10239	Viruses
2731985	Tritonvirus	10239	Viruses
2731986	Voetvirus	10239	Viruses
2731987	Votkovvirus	10239	Viruses
2733090	Anaposvirus	10239	Viruses
2733092	Atlauavirus	10239	Viruses
2733096	Bellamyvirus	10239	Viruses
2733100	Charybdisvirus	10239	Viruses
2733104	Eurybiavirus	10239	Viruses
2733107	Kanaloavirus	10239	Viruses
2733109	Leucotheavirus	10239	Viruses
2733110	Libanvirus	10239	Viruses
2733111	Llyrvirus	10239	Viruses
2733113	Mazuvirus	10239	Viruses
2733125	Pontusvirus	10239	Viruses
2733137	Thetisvirus	10239	Viruses
2733139	Vellamovirus	10239	Viruses
2843048	Siovirus	10239	Viruses
2843112	Veravirus	10239	Viruses
2948729	Greenvirus	10239	Viruses
2948752	Haifavirus	10239	Viruses
2948803	Lipsvirus	10239	Viruses
2948815	Maltschvirus	10239	Viruses
2948839	Nilusvirus	10239	Viruses
2948849	Ormenosvirus	10239	Viruses
2948898	Sedonavirus	10239	Viruses
3044674	Biavirus	10239	Viruses
3044727	Heliosvirus	10239	Viruses
3044754	Makaravirus	10239	Viruses
3044800	Rheavirus	10239	Viruses
3044820	Serangoonvirus	10239	Viruses
3044869	Zhoulongquanvirus	10239	Viruses
3424947	Spiovirus	10239	Viruses
3424981	Agnivirus	10239	Viruses
3425736	Actaeavirus	10239	Viruses
3425737	Aequorvirus	10239	Viruses
3425740	Dynamenevirus	10239	Viruses
3425760	Shangxiadianvirus	10239	Viruses
